"Order No","Sec Code","Price","Quantity","Buy Sell","Entry Time"
"1013","EGMFC001MM19","99.33","4500","sell","6/17/2007 11:33:44 AM"
"1012","EGMFC001MM19","99.37","4000","sell","6/17/2007 11:33:43 AM"
"1011","EGMFC001MM19","99.40","2500","sell","6/17/2007 11:33:43 AM"
"1010","EGMFC001MM19","99.41","45000","buy","6/17/2007 11:33:42 AM"
"1009","EGMFC001MM19","99.39","1500","buy","6/17/2007 11:33:42 AM"
"1008","EGMFC001MM19","99.41","5000","sell","6/17/2007 11:33:42 AM"
"1007","EGMFC001MM19","99.40","2500","sell","6/17/2007 11:33:41 AM"
"1006","EGMFC001MM19","99.38","1000","sell","6/17/2007 11:33:41 AM"
"1005","EGMFC001MM19","99.41","3000","sell","6/17/2007 11:33:41 AM"
"1004","EGMFC001MM19","99.42","3500","buy","6/17/2007 11:33:41 AM"
"1003","EGMFC001MM19","99.36","2000","sell","6/17/2007 11:33:40 AM"
"1002","EGMFC001MM19","99.36","25000","buy","6/17/2007 11:33:40 AM"
"1001","EGMFC001MM19","99.38","4500","buy","6/17/2007 11:33:40 AM"
"1000","EGMFC001MM19","99.39","2500","sell","6/17/2007 11:33:40 AM"
"999","EGMFC001MM19","99.46","500","sell","6/17/2007 11:33:40 AM"
"998","EGMFC001MM19","99.47","4000","buy","6/17/2007 11:33:39 AM"
"997","EGMFC001MM19","99.48","1000","buy","6/17/2007 11:33:39 AM"
"996","EGMFC001MM19","99.41","1500","sell","6/17/2007 11:33:39 AM"
"995","EGMFC001MM19","99.44","500","buy","6/17/2007 11:33:39 AM"
"994","EGMFC001MM19","99.41","1500","sell","6/17/2007 11:33:39 AM"
"993","EGMFC001MM19","99.40","3000","sell","6/17/2007 11:33:39 AM"
"992","EGMFC001MM19","99.38","5000","sell","6/17/2007 11:33:38 AM"
"991","EGMFC001MM19","99.42","2500","sell","6/17/2007 11:33:38 AM"
"990","EGMFC001MM19","99.45","1500","sell","6/17/2007 11:33:38 AM"
"989","EGMFC001MM19","99.50","1000","buy","6/17/2007 11:33:38 AM"
"988","EGMFC001MM19","99.47","3500","sell","6/17/2007 11:33:38 AM"
"987","EGMFC001MM19","99.47","2500","sell","6/17/2007 11:33:38 AM"
"986","EGMFC001MM19","99.45","5000","sell","6/17/2007 11:33:38 AM"
"985","EGMFC001MM19","99.42","1000","sell","6/17/2007 11:33:37 AM"
"984","EGMFC001MM19","99.44","3500","buy","6/17/2007 11:33:37 AM"
"983","EGMFC001MM19","99.48","2500","buy","6/17/2007 11:33:37 AM"
"982","EGMFC001MM19","99.52","4500","buy","6/17/2007 11:33:37 AM"
"981","EGMFC001MM19","99.40","2500","sell","6/17/2007 11:33:37 AM"
"980","EGMFC001MM19","99.36","1000","buy","6/17/2007 11:33:37 AM"
"979","EGMFC001MM19","99.40","4500","buy","6/17/2007 11:33:37 AM"
"978","EGMFC001MM19","99.42","4500","sell","6/17/2007 11:33:37 AM"
"977","EGMFC001MM19","99.46","3500","buy","6/17/2007 11:33:36 AM"
"976","EGMFC001MM19","99.40","2000","sell","6/17/2007 11:33:36 AM"
"975","EGMFC001MM19","99.54","4000","buy","6/17/2007 11:33:36 AM"
"974","EGMFC001MM19","99.52","500","buy","6/17/2007 11:33:36 AM"
"973","EGMFC001MM19","99.40","1500","sell","6/17/2007 11:33:36 AM"
"972","EGMFC001MM19","99.44","450","sell","6/17/2007 11:33:36 AM"
"971","EGMFC001MM19","99.44","4500","sell","6/17/2007 11:33:36 AM"
"970","EGMFC001MM19","99.45","500","sell","6/17/2007 11:33:36 AM"
"969","EGMFC001MM19","99.45","250","sell","6/17/2007 11:33:36 AM"
"968","EGMFC001MM19","99.46","1000","sell","6/17/2007 11:33:35 AM"
"967","EGMFC001MM19","99.40","3500","sell","6/17/2007 11:33:35 AM"
"966","EGMFC001MM19","99.44","1500","buy","6/17/2007 11:33:35 AM"
"965","EGMFC001MM19","99.42","1000","buy","6/17/2007 11:33:35 AM"
"964","EGMFC001MM19","99.42","1500","sell","6/17/2007 11:33:35 AM"
"963","EGMFC001MM19","99.46","3500","buy","6/17/2007 11:33:35 AM"
"962","EGMFC001MM19","99.46","5000","buy","6/17/2007 11:33:35 AM"
"961","EGMFC001MM19","99.43","45000","sell","6/17/2007 11:33:35 AM"
"960","EGMFC001MM19","99.40","500","buy","6/17/2007 11:33:35 AM"
"959","EGMFC001MM19","99.44","1000","sell","6/17/2007 11:33:35 AM"
"958","EGMFC001MM19","99.48","1000","buy","6/17/2007 11:33:34 AM"
"957","EGMFC001MM19","99.46","4500","buy","6/17/2007 11:33:34 AM"
"956","EGMFC001MM19","99.42","4500","sell","6/17/2007 11:33:34 AM"
"955","EGMFC001MM19","99.54","2000","buy","6/17/2007 11:33:34 AM"
"954","EGMFC001MM19","99.46","5000","buy","6/17/2007 11:33:34 AM"
"953","EGMFC001MM19","99.52","4000","buy","6/17/2007 11:33:34 AM"
"952","EGMFC001MM19","99.48","2000","buy","6/17/2007 11:33:34 AM"
"951","EGMFC001MM19","99.54","10000","buy","6/17/2007 11:33:34 AM"
"950","EGMFC001MM19","99.50","5000","buy","6/17/2007 11:33:34 AM"
"949","EGMFC001MM19","99.54","1000","buy","6/17/2007 11:33:34 AM"
"948","EGMFC001MM19","99.44","4500","sell","6/17/2007 11:33:33 AM"
"947","EGMFC001MM19","99.45","2000","sell","6/17/2007 11:33:33 AM"
"946","EGMFC001MM19","99.38","3500","buy","6/17/2007 11:33:33 AM"
"945","EGMFC001MM19","99.40","5000","buy","6/17/2007 11:33:33 AM"
"944","EGMFC001MM19","99.46","2000","buy","6/17/2007 11:33:33 AM"
"943","EGMFC001MM19","99.46","4000","buy","6/17/2007 11:33:33 AM"
"942","EGMFC001MM19","99.46","4500","sell","6/17/2007 11:33:33 AM"
"941","EGMFC001MM19","99.46","500","buy","6/17/2007 11:33:33 AM"
"940","EGMFC001MM19","99.47","5000","buy","6/17/2007 11:33:33 AM"
"939","EGMFC001MM19","99.46","1000","buy","6/17/2007 11:33:33 AM"
"938","EGMFC001MM19","99.39","4000","sell","6/17/2007 11:33:32 AM"
"937","EGMFC001MM19","99.48","2000","sell","6/17/2007 11:33:32 AM"
"936","EGMFC001MM19","99.48","3500","buy","6/17/2007 11:33:32 AM"
"935","EGMFC001MM19","99.47","3500","sell","6/17/2007 11:33:32 AM"
"934","EGMFC001MM19","99.44","4500","buy","6/17/2007 11:33:32 AM"
"933","EGMFC001MM19","99.48","2000","sell","6/17/2007 11:33:32 AM"
"932","EGMFC001MM19","99.44","45000","buy","6/17/2007 11:33:32 AM"
"931","EGMFC001MM19","99.44","4000","sell","6/17/2007 11:33:32 AM"
"930","EGMFC001MM19","99.42","500","sell","6/17/2007 11:33:32 AM"
"929","EGMFC001MM19","99.52","4000","buy","6/17/2007 11:33:32 AM"
"928","EGMFC001MM19","99.46","2500","sell","6/17/2007 11:33:31 AM"
"927","EGMFC001MM19","99.44","2000","buy","6/17/2007 11:33:31 AM"
"926","EGMFC001MM19","99.58","3000","buy","6/17/2007 11:33:31 AM"
"925","EGMFC001MM19","99.48","500","buy","6/17/2007 11:33:31 AM"
"924","EGMFC001MM19","99.51","4500","buy","6/17/2007 11:33:31 AM"
"923","EGMFC001MM19","99.46","1500","buy","6/17/2007 11:33:31 AM"
"922","EGMFC001MM19","99.53","5000","buy","6/17/2007 11:33:31 AM"
"921","EGMFC001MM19","99.50","35000","sell","6/17/2007 11:33:31 AM"
"920","EGMFC001MM19","99.50","50000","sell","6/17/2007 11:33:31 AM"
"919","EGMFC001MM19","99.48","1500","sell","6/17/2007 11:33:31 AM"
"918","EGMFC001MM19","99.51","1500","buy","6/17/2007 11:33:30 AM"
"917","EGMFC001MM19","99.48","3500","sell","6/17/2007 11:33:30 AM"
"916","EGMFC001MM19","99.53","3000","buy","6/17/2007 11:33:30 AM"
"915","EGMFC001MM19","99.50","20000","sell","6/17/2007 11:33:30 AM"
"914","EGMFC001MM19","99.56","3500","buy","6/17/2007 11:33:30 AM"
"913","EGMFC001MM19","99.46","1000","buy","6/17/2007 11:33:30 AM"
"912","EGMFC001MM19","99.58","4500","buy","6/17/2007 11:33:30 AM"
"911","EGMFC001MM19","99.49","150","sell","6/17/2007 11:33:30 AM"
"910","EGMFC001MM19","99.44","2000","sell","6/17/2007 11:33:30 AM"
"909","EGMFC001MM19","99.50","2500","buy","6/17/2007 11:33:30 AM"
"908","EGMFC001MM19","99.52","5000","sell","6/17/2007 11:33:29 AM"
"907","EGMFC001MM19","99.52","2500","sell","6/17/2007 11:33:29 AM"
"906","EGMFC001MM19","99.52","4500","buy","6/17/2007 11:33:29 AM"
"905","EGMFC001MM19","99.48","3500","buy","6/17/2007 11:33:29 AM"
"904","EGMFC001MM19","99.52","5000","sell","6/17/2007 11:33:29 AM"
"903","EGMFC001MM19","99.48","2000","sell","6/17/2007 11:33:29 AM"
"902","EGMFC001MM19","99.55","3000","sell","6/17/2007 11:33:29 AM"
"901","EGMFC001MM19","99.56","500","buy","6/17/2007 11:33:29 AM"
"900","EGMFC001MM19","99.53","3500","sell","6/17/2007 11:33:29 AM"
"899","EGMFC001MM19","99.56","1000","buy","6/17/2007 11:33:29 AM"
"898","EGMFC001MM19","99.56","200","buy","6/17/2007 11:33:28 AM"
"897","EGMFC001MM19","99.44","2500","buy","6/17/2007 11:33:28 AM"
"896","EGMFC001MM19","99.48","350","buy","6/17/2007 11:33:28 AM"
"895","EGMFC001MM19","99.56","45000","buy","6/17/2007 11:33:28 AM"
"894","EGMFC001MM19","99.50","5000","buy","6/17/2007 11:33:28 AM"
"893","EGMFC001MM19","99.46","4500","buy","6/17/2007 11:33:28 AM"
"892","EGMFC001MM19","99.48","4500","sell","6/17/2007 11:33:28 AM"
"891","EGMFC001MM19","99.48","3500","buy","6/17/2007 11:33:28 AM"
"890","EGMFC001MM19","99.42","1000","buy","6/17/2007 11:33:28 AM"
"889","EGMFC001MM19","99.50","1500","buy","6/17/2007 11:33:28 AM"
"888","EGMFC001MM19","99.50","3000","sell","6/17/2007 11:33:27 AM"
"887","EGMFC001MM19","99.44","3500","sell","6/17/2007 11:33:27 AM"
"886","EGMFC001MM19","99.42","350","sell","6/17/2007 11:33:27 AM"
"885","EGMFC001MM19","99.40","3500","buy","6/17/2007 11:33:27 AM"
"884","EGMFC001MM19","99.52","4500","buy","6/17/2007 11:33:27 AM"
"883","EGMFC001MM19","99.46","3000","sell","6/17/2007 11:33:27 AM"
"882","EGMFC001MM19","99.50","45000","buy","6/17/2007 11:33:27 AM"
"881","EGMFC001MM19","99.42","5000","sell","6/17/2007 11:33:27 AM"
"880","EGMFC001MM19","99.50","3500","buy","6/17/2007 11:33:27 AM"
"879","EGMFC001MM19","99.50","500","buy","6/17/2007 11:33:27 AM"
"878","EGMFC001MM19","99.46","1500","buy","6/17/2007 11:33:26 AM"
"877","EGMFC001MM19","99.45","2500","buy","6/17/2007 11:33:26 AM"
"876","EGMFC001MM19","99.52","3500","buy","6/17/2007 11:33:26 AM"
"875","EGMFC001MM19","99.38","4500","buy","6/17/2007 11:33:26 AM"
"874","EGMFC001MM19","99.44","4000","buy","6/17/2007 11:33:26 AM"
"873","EGMFC001MM19","99.45","3500","buy","6/17/2007 11:33:26 AM"
"872","EGMFC001MM19","99.40","4000","sell","6/17/2007 11:33:26 AM"
"871","EGMFC001MM19","99.44","5000","sell","6/17/2007 11:33:26 AM"
"870","EGMFC001MM19","99.46","200","buy","6/17/2007 11:33:26 AM"
"869","EGMFC001MM19","99.52","500","buy","6/17/2007 11:33:26 AM"
"868","EGMFC001MM19","99.44","2000","buy","6/17/2007 11:33:25 AM"
"867","EGMFC001MM19","99.46","1000","buy","6/17/2007 11:33:25 AM"
"866","EGMFC001MM19","99.34","3500","buy","6/17/2007 11:33:25 AM"
"865","EGMFC001MM19","99.48","4000","buy","6/17/2007 11:33:25 AM"
"864","EGMFC001MM19","99.39","2000","sell","6/17/2007 11:33:25 AM"
"863","EGMFC001MM19","99.39","3000","sell","6/17/2007 11:33:25 AM"
"862","EGMFC001MM19","99.42","2000","buy","6/17/2007 11:33:25 AM"
"861","EGMFC001MM19","99.38","3500","sell","6/17/2007 11:33:25 AM"
"860","EGMFC001MM19","99.34","400","sell","6/17/2007 11:33:25 AM"
"859","EGMFC001MM19","99.34","3000","buy","6/17/2007 11:33:25 AM"
"858","EGMFC001MM19","99.34","2500","sell","6/17/2007 11:33:24 AM"
"857","EGMFC001MM19","99.38","4000","buy","6/17/2007 11:33:24 AM"
"856","EGMFC001MM19","99.40","2500","sell","6/17/2007 11:33:24 AM"
"855","EGMFC001MM19","99.44","4000","sell","6/17/2007 11:33:24 AM"
"854","EGMFC001MM19","99.44","4000","sell","6/17/2007 11:33:24 AM"
"853","EGMFC001MM19","99.44","5000","sell","6/17/2007 11:33:24 AM"
"852","EGMFC001MM19","99.40","5000","sell","6/17/2007 11:33:24 AM"
"851","EGMFC001MM19","99.40","1500","sell","6/17/2007 11:33:24 AM"
"850","EGMFC001MM19","99.46","3000","buy","6/17/2007 11:33:24 AM"
"849","EGMFC001MM19","99.38","3000","sell","6/17/2007 11:33:24 AM"
"848","EGMFC001MM19","99.48","3000","buy","6/17/2007 11:33:23 AM"
"847","EGMFC001MM19","99.42","400","sell","6/17/2007 11:33:23 AM"
"846","EGMFC001MM19","99.36","10000","buy","6/17/2007 11:33:23 AM"
"845","EGMFC001MM19","99.45","1000","buy","6/17/2007 11:33:23 AM"
"844","EGMFC001MM19","99.40","1500","sell","6/17/2007 11:33:23 AM"
"843","EGMFC001MM19","99.39","4000","sell","6/17/2007 11:33:23 AM"
"842","EGMFC001MM19","99.44","4500","buy","6/17/2007 11:33:23 AM"
"841","EGMFC001MM19","99.38","2000","sell","6/17/2007 11:33:23 AM"
"840","EGMFC001MM19","99.40","2000","buy","6/17/2007 11:33:23 AM"
"839","EGMFC001MM19","99.39","500","sell","6/17/2007 11:33:23 AM"
"838","EGMFC001MM19","99.40","1500","buy","6/17/2007 11:33:22 AM"
"837","EGMFC001MM19","99.41","3000","sell","6/17/2007 11:33:22 AM"
"836","EGMFC001MM19","99.35","4500","buy","6/17/2007 11:33:22 AM"
"835","EGMFC001MM19","99.43","3500","sell","6/17/2007 11:33:22 AM"
"834","EGMFC001MM19","99.43","4000","buy","6/17/2007 11:33:22 AM"
"833","EGMFC001MM19","99.37","4000","buy","6/17/2007 11:33:22 AM"
"832","EGMFC001MM19","99.41","350","buy","6/17/2007 11:33:22 AM"
"831","EGMFC001MM19","99.35","4500","sell","6/17/2007 11:33:22 AM"
"830","EGMFC001MM19","99.35","45000","sell","6/17/2007 11:33:22 AM"
"829","EGMFC001MM19","99.37","2000","buy","6/17/2007 11:33:22 AM"
"828","EGMFC001MM19","99.39","2000","buy","6/17/2007 11:33:21 AM"
"827","EGMFC001MM19","99.38","15000","buy","6/17/2007 11:33:21 AM"
"826","EGMFC001MM19","99.42","3500","buy","6/17/2007 11:33:21 AM"
"825","EGMFC001MM19","99.44","400","buy","6/17/2007 11:33:21 AM"
"824","EGMFC001MM19","99.40","1500","sell","6/17/2007 11:33:21 AM"
"823","EGMFC001MM19","99.48","1500","buy","6/17/2007 11:33:21 AM"
"822","EGMFC001MM19","99.54","4000","buy","6/17/2007 11:33:21 AM"
"821","EGMFC001MM19","99.42","500","sell","6/17/2007 11:33:21 AM"
"820","EGMFC001MM19","99.38","1500","buy","6/17/2007 11:33:21 AM"
"819","EGMFC001MM19","99.46","4000","buy","6/17/2007 11:33:21 AM"
"818","EGMFC001MM19","99.49","4500","buy","6/17/2007 11:33:20 AM"
"817","EGMFC001MM19","99.41","1500","sell","6/17/2007 11:33:20 AM"
"816","EGMFC001MM19","99.40","1000","sell","6/17/2007 11:33:20 AM"
"815","EGMFC001MM19","99.40","1500","buy","6/17/2007 11:33:20 AM"
"814","EGMFC001MM19","99.44","200","sell","6/17/2007 11:33:20 AM"
"813","EGMFC001MM19","99.40","4000","buy","6/17/2007 11:33:20 AM"
"812","EGMFC001MM19","99.43","5000","sell","6/17/2007 11:33:20 AM"
"811","EGMFC001MM19","99.40","500","sell","6/17/2007 11:33:20 AM"
"810","EGMFC001MM19","99.44","150","sell","6/17/2007 11:33:20 AM"
"809","EGMFC001MM19","99.48","3500","buy","6/17/2007 11:33:20 AM"
"808","EGMFC001MM19","99.44","2500","sell","6/17/2007 11:33:19 AM"
"807","EGMFC001MM19","99.50","500","buy","6/17/2007 11:33:19 AM"
"806","EGMFC001MM19","99.46","2000","buy","6/17/2007 11:33:19 AM"
"805","EGMFC001MM19","99.42","3500","buy","6/17/2007 11:33:19 AM"
"804","EGMFC001MM19","99.48","3000","buy","6/17/2007 11:33:19 AM"
"803","EGMFC001MM19","99.44","3500","sell","6/17/2007 11:33:19 AM"
"802","EGMFC001MM19","99.46","3000","buy","6/17/2007 11:33:19 AM"
"801","EGMFC001MM19","99.44","10000","sell","6/17/2007 11:33:19 AM"
"800","EGMFC001MM19","99.44","5000","sell","6/17/2007 11:33:19 AM"
"799","EGMFC001MM19","99.46","45000","sell","6/17/2007 11:33:19 AM"
"798","EGMFC001MM19","99.49","500","buy","6/17/2007 11:33:18 AM"
"797","EGMFC001MM19","99.43","1000","sell","6/17/2007 11:33:18 AM"
"796","EGMFC001MM19","99.55","2500","buy","6/17/2007 11:33:18 AM"
"795","EGMFC001MM19","99.51","5000","buy","6/17/2007 11:33:18 AM"
"794","EGMFC001MM19","99.51","3500","sell","6/17/2007 11:33:18 AM"
"793","EGMFC001MM19","99.50","4000","sell","6/17/2007 11:33:18 AM"
"792","EGMFC001MM19","99.43","1000","buy","6/17/2007 11:33:18 AM"
"791","EGMFC001MM19","99.50","4500","sell","6/17/2007 11:33:18 AM"
"790","EGMFC001MM19","99.49","5000","sell","6/17/2007 11:33:18 AM"
"789","EGMFC001MM19","99.53","450","buy","6/17/2007 11:33:18 AM"
"788","EGMFC001MM19","99.49","4000","sell","6/17/2007 11:33:17 AM"
"787","EGMFC001MM19","99.45","2000","sell","6/17/2007 11:33:17 AM"
"786","EGMFC001MM19","99.43","5000","buy","6/17/2007 11:33:17 AM"
"785","EGMFC001MM19","99.51","500","buy","6/17/2007 11:33:17 AM"
"784","EGMFC001MM19","99.47","4500","sell","6/17/2007 11:33:17 AM"
"783","EGMFC001MM19","99.51","2000","buy","6/17/2007 11:33:17 AM"
"782","EGMFC001MM19","99.48","3500","sell","6/17/2007 11:33:17 AM"
"781","EGMFC001MM19","99.51","3000","buy","6/17/2007 11:33:17 AM"
"780","EGMFC001MM19","99.53","2500","buy","6/17/2007 11:33:17 AM"
"779","EGMFC001MM19","99.51","1000","sell","6/17/2007 11:33:17 AM"
"778","EGMFC001MM19","99.48","4000","sell","6/17/2007 11:33:16 AM"
"777","EGMFC001MM19","99.46","3500","buy","6/17/2007 11:33:16 AM"
"776","EGMFC001MM19","99.50","1000","buy","6/17/2007 11:33:16 AM"
"775","EGMFC001MM19","99.46","1000","sell","6/17/2007 11:33:16 AM"
"774","EGMFC001MM19","99.48","2000","sell","6/17/2007 11:33:16 AM"
"773","EGMFC001MM19","99.50","1500","buy","6/17/2007 11:33:16 AM"
"772","EGMFC001MM19","99.51","20000","buy","6/17/2007 11:33:16 AM"
"771","EGMFC001MM19","99.50","3000","buy","6/17/2007 11:33:16 AM"
"770","EGMFC001MM19","99.54","2000","buy","6/17/2007 11:33:16 AM"
"769","EGMFC001MM19","99.48","5000","sell","6/17/2007 11:33:16 AM"
"768","EGMFC001MM19","99.44","1500","sell","6/17/2007 11:33:15 AM"
"767","EGMFC001MM19","99.46","2500","sell","6/17/2007 11:33:15 AM"
"766","EGMFC001MM19","99.46","3500","sell","6/17/2007 11:33:15 AM"
"765","EGMFC001MM19","99.42","4000","buy","6/17/2007 11:33:15 AM"
"764","EGMFC001MM19","99.42","500","sell","6/17/2007 11:33:15 AM"
"763","EGMFC001MM19","99.42","1000","sell","6/17/2007 11:33:15 AM"
"762","EGMFC001MM19","99.48","3500","buy","6/17/2007 11:33:15 AM"
"761","EGMFC001MM19","99.42","2000","sell","6/17/2007 11:33:15 AM"
"760","EGMFC001MM19","99.48","500","sell","6/17/2007 11:33:15 AM"
"759","EGMFC001MM19","99.50","3000","sell","6/17/2007 11:33:15 AM"
"758","EGMFC001MM19","99.42","3500","sell","6/17/2007 11:33:14 AM"
"757","EGMFC001MM19","99.48","1000","sell","6/17/2007 11:33:14 AM"
"756","EGMFC001MM19","99.46","400","sell","6/17/2007 11:33:14 AM"
"755","EGMFC001MM19","99.44","5000","sell","6/17/2007 11:33:14 AM"
"754","EGMFC001MM19","99.46","1500","sell","6/17/2007 11:33:14 AM"
"753","EGMFC001MM19","99.50","250","buy","6/17/2007 11:33:14 AM"
"752","EGMFC001MM19","99.49","500","sell","6/17/2007 11:33:14 AM"
"751","EGMFC001MM19","99.44","200","buy","6/17/2007 11:33:14 AM"
"750","EGMFC001MM19","99.50","3500","sell","6/17/2007 11:33:14 AM"
"749","EGMFC001MM19","99.49","2000","sell","6/17/2007 11:33:14 AM"
"748","EGMFC001MM19","99.48","2000","sell","6/17/2007 11:33:13 AM"
"747","EGMFC001MM19","99.48","500","sell","6/17/2007 11:33:13 AM"
"746","EGMFC001MM19","99.48","4500","buy","6/17/2007 11:33:13 AM"
"745","EGMFC001MM19","99.50","20000","buy","6/17/2007 11:33:13 AM"
"744","EGMFC001MM19","99.48","500","sell","6/17/2007 11:33:13 AM"
"743","EGMFC001MM19","99.52","2500","buy","6/17/2007 11:33:13 AM"
"742","EGMFC001MM19","99.46","3000","sell","6/17/2007 11:33:13 AM"
"741","EGMFC001MM19","99.50","5000","buy","6/17/2007 11:33:13 AM"
"740","EGMFC001MM19","99.44","3500","buy","6/17/2007 11:33:13 AM"
"739","EGMFC001MM19","99.48","5000","buy","6/17/2007 11:33:13 AM"
"738","EGMFC001MM19","99.48","4000","sell","6/17/2007 11:33:12 AM"
"737","EGMFC001MM19","99.46","2500","buy","6/17/2007 11:33:12 AM"
"736","EGMFC001MM19","99.50","2500","buy","6/17/2007 11:33:12 AM"
"735","EGMFC001MM19","99.50","500","buy","6/17/2007 11:33:12 AM"
"734","EGMFC001MM19","99.46","4500","buy","6/17/2007 11:33:12 AM"
"733","EGMFC001MM19","99.50","3500","buy","6/17/2007 11:33:12 AM"
"732","EGMFC001MM19","99.40","45000","sell","6/17/2007 11:33:12 AM"
"731","EGMFC001MM19","99.42","3000","buy","6/17/2007 11:33:12 AM"
"730","EGMFC001MM19","99.49","500","buy","6/17/2007 11:33:12 AM"
"729","EGMFC001MM19","99.42","5000","buy","6/17/2007 11:33:12 AM"
"728","EGMFC001MM19","99.42","35000","sell","6/17/2007 11:33:12 AM"
"727","EGMFC001MM19","99.57","3000","buy","6/17/2007 11:33:12 AM"
"726","EGMFC001MM19","99.48","4500","sell","6/17/2007 11:33:12 AM"
"725","EGMFC001MM19","99.56","3000","sell","6/17/2007 11:33:12 AM"
"724","EGMFC001MM19","99.56","4000","buy","6/17/2007 11:33:12 AM"
"723","EGMFC001MM19","99.56","5000","sell","6/17/2007 11:33:12 AM"
"722","EGMFC001MM19","99.55","20000","sell","6/17/2007 11:33:12 AM"
"721","EGMFC001MM19","99.56","3500","buy","6/17/2007 11:33:12 AM"
"720","EGMFC001MM19","99.59","1000","buy","6/17/2007 11:33:12 AM"
"719","EGMFC001MM19","99.50","4000","sell","6/17/2007 11:33:12 AM"
"718","EGMFC001MM19","99.53","1000","sell","6/17/2007 11:33:11 AM"
"717","EGMFC001MM19","99.48","4500","sell","6/17/2007 11:33:11 AM"
"716","EGMFC001MM19","99.52","2000","sell","6/17/2007 11:33:11 AM"
"715","EGMFC001MM19","99.56","3500","buy","6/17/2007 11:33:11 AM"
"714","EGMFC001MM19","99.44","4000","sell","6/17/2007 11:33:11 AM"
"713","EGMFC001MM19","99.46","2500","buy","6/17/2007 11:33:11 AM"
"712","EGMFC001MM19","99.44","10000","sell","6/17/2007 11:33:11 AM"
"711","EGMFC001MM19","99.46","500","buy","6/17/2007 11:33:11 AM"
"710","EGMFC001MM19","99.48","1500","sell","6/17/2007 11:33:11 AM"
"709","EGMFC001MM19","99.48","5000","sell","6/17/2007 11:33:11 AM"
"708","EGMFC001MM19","99.46","3500","sell","6/17/2007 11:33:10 AM"
"707","EGMFC001MM19","99.44","2500","buy","6/17/2007 11:33:10 AM"
"706","EGMFC001MM19","99.48","4000","sell","6/17/2007 11:33:10 AM"
"705","EGMFC001MM19","99.58","4000","buy","6/17/2007 11:33:10 AM"
"704","EGMFC001MM19","99.52","3000","buy","6/17/2007 11:33:10 AM"
"703","EGMFC001MM19","99.54","4000","buy","6/17/2007 11:33:10 AM"
"702","EGMFC001MM19","99.52","200","buy","6/17/2007 11:33:10 AM"
"701","EGMFC001MM19","99.50","2000","sell","6/17/2007 11:33:10 AM"
"700","EGMFC001MM19","99.49","1000","sell","6/17/2007 11:33:10 AM"
"699","EGMFC001MM19","99.52","3500","buy","6/17/2007 11:33:10 AM"
"698","EGMFC001MM19","99.52","25000","buy","6/17/2007 11:33:09 AM"
"697","EGMFC001MM19","99.55","1000","buy","6/17/2007 11:33:09 AM"
"696","EGMFC001MM19","99.52","500","buy","6/17/2007 11:33:09 AM"
"695","EGMFC001MM19","99.44","4500","sell","6/17/2007 11:33:09 AM"
"694","EGMFC001MM19","99.48","4500","sell","6/17/2007 11:33:09 AM"
"693","EGMFC001MM19","99.52","4000","buy","6/17/2007 11:33:09 AM"
"692","EGMFC001MM19","99.52","1000","sell","6/17/2007 11:33:09 AM"
"691","EGMFC001MM19","99.56","500","buy","6/17/2007 11:33:09 AM"
"690","EGMFC001MM19","99.52","4000","sell","6/17/2007 11:33:09 AM"
"689","EGMFC001MM19","99.50","150","sell","6/17/2007 11:33:09 AM"
"688","EGMFC001MM19","99.52","2500","sell","6/17/2007 11:33:08 AM"
"687","EGMFC001MM19","99.53","5000","buy","6/17/2007 11:33:08 AM"
"686","EGMFC001MM19","99.53","4500","buy","6/17/2007 11:33:08 AM"
"685","EGMFC001MM19","99.45","3000","sell","6/17/2007 11:33:08 AM"
"684","EGMFC001MM19","99.53","400","buy","6/17/2007 11:33:08 AM"
"683","EGMFC001MM19","99.43","500","buy","6/17/2007 11:33:08 AM"
"682","EGMFC001MM19","99.43","2500","sell","6/17/2007 11:33:08 AM"
"681","EGMFC001MM19","99.49","4500","sell","6/17/2007 11:33:08 AM"
"680","EGMFC001MM19","99.41","4000","buy","6/17/2007 11:33:08 AM"
"679","EGMFC001MM19","99.48","3500","sell","6/17/2007 11:33:08 AM"
"678","EGMFC001MM19","99.49","1000","buy","6/17/2007 11:33:07 AM"
"677","EGMFC001MM19","99.52","4000","sell","6/17/2007 11:33:07 AM"
"676","EGMFC001MM19","99.50","4000","buy","6/17/2007 11:33:07 AM"
"675","EGMFC001MM19","99.49","4000","sell","6/17/2007 11:33:07 AM"
"674","EGMFC001MM19","99.44","5000","sell","6/17/2007 11:33:07 AM"
"673","EGMFC001MM19","99.49","2500","sell","6/17/2007 11:33:07 AM"
"672","EGMFC001MM19","99.48","3500","sell","6/17/2007 11:33:07 AM"
"671","EGMFC001MM19","99.44","3000","sell","6/17/2007 11:33:07 AM"
"670","EGMFC001MM19","99.52","5000","buy","6/17/2007 11:33:07 AM"
"669","EGMFC001MM19","99.55","500","buy","6/17/2007 11:33:07 AM"
"668","EGMFC001MM19","99.52","2500","sell","6/17/2007 11:33:06 AM"
"667","EGMFC001MM19","99.41","3500","buy","6/17/2007 11:33:06 AM"
"666","EGMFC001MM19","99.53","3000","buy","6/17/2007 11:33:06 AM"
"665","EGMFC001MM19","99.45","5000","buy","6/17/2007 11:33:06 AM"
"664","EGMFC001MM19","99.52","3500","buy","6/17/2007 11:33:06 AM"
"663","EGMFC001MM19","99.57","1000","buy","6/17/2007 11:33:06 AM"
"662","EGMFC001MM19","99.47","3000","buy","6/17/2007 11:33:06 AM"
"661","EGMFC001MM19","99.47","40000","buy","6/17/2007 11:33:06 AM"
"660","EGMFC001MM19","99.48","3000","sell","6/17/2007 11:33:06 AM"
"659","EGMFC001MM19","99.41","4000","buy","6/17/2007 11:33:06 AM"
"658","EGMFC001MM19","99.47","2500","sell","6/17/2007 11:33:05 AM"
"657","EGMFC001MM19","99.46","4000","sell","6/17/2007 11:33:05 AM"
"656","EGMFC001MM19","99.48","2000","buy","6/17/2007 11:33:05 AM"
"655","EGMFC001MM19","99.43","3000","sell","6/17/2007 11:33:05 AM"
"654","EGMFC001MM19","99.45","5000","sell","6/17/2007 11:33:05 AM"
"653","EGMFC001MM19","99.49","40000","buy","6/17/2007 11:33:05 AM"
"652","EGMFC001MM19","99.50","3000","buy","6/17/2007 11:33:05 AM"
"651","EGMFC001MM19","99.46","500","sell","6/17/2007 11:33:05 AM"
"650","EGMFC001MM19","99.46","3000","buy","6/17/2007 11:33:05 AM"
"649","EGMFC001MM19","99.44","3000","sell","6/17/2007 11:33:05 AM"
"648","EGMFC001MM19","99.44","2500","buy","6/17/2007 11:33:04 AM"
"647","EGMFC001MM19","99.49","15000","sell","6/17/2007 11:33:04 AM"
"646","EGMFC001MM19","99.47","3000","sell","6/17/2007 11:33:04 AM"
"645","EGMFC001MM19","99.46","10000","sell","6/17/2007 11:33:04 AM"
"644","EGMFC001MM19","99.54","4500","buy","6/17/2007 11:33:04 AM"
"643","EGMFC001MM19","99.46","25000","buy","6/17/2007 11:33:04 AM"
"642","EGMFC001MM19","99.49","4500","sell","6/17/2007 11:33:04 AM"
"641","EGMFC001MM19","99.49","5000","sell","6/17/2007 11:33:04 AM"
"640","EGMFC001MM19","99.50","3000","sell","6/17/2007 11:33:04 AM"
"639","EGMFC001MM19","99.42","1500","buy","6/17/2007 11:33:04 AM"
"638","EGMFC001MM19","99.42","3500","buy","6/17/2007 11:33:03 AM"
"637","EGMFC001MM19","99.46","3000","buy","6/17/2007 11:33:03 AM"
"636","EGMFC001MM19","99.46","3500","buy","6/17/2007 11:33:03 AM"
"635","EGMFC001MM19","99.50","1000","sell","6/17/2007 11:33:03 AM"
"634","EGMFC001MM19","99.40","1500","sell","6/17/2007 11:33:03 AM"
"633","EGMFC001MM19","99.40","2500","sell","6/17/2007 11:33:03 AM"
"632","EGMFC001MM19","99.50","20000","buy","6/17/2007 11:33:03 AM"
"631","EGMFC001MM19","99.46","3500","sell","6/17/2007 11:33:03 AM"
"630","EGMFC001MM19","99.46","1500","buy","6/17/2007 11:33:03 AM"
"629","EGMFC001MM19","99.48","4500","sell","6/17/2007 11:33:03 AM"
"628","EGMFC001MM19","99.49","4000","buy","6/17/2007 11:33:02 AM"
"627","EGMFC001MM19","99.47","4000","sell","6/17/2007 11:33:02 AM"
"626","EGMFC001MM19","99.48","4500","buy","6/17/2007 11:33:02 AM"
"625","EGMFC001MM19","99.45","2500","sell","6/17/2007 11:33:02 AM"
"624","EGMFC001MM19","99.48","4000","buy","6/17/2007 11:33:02 AM"
"623","EGMFC001MM19","99.40","3500","buy","6/17/2007 11:33:02 AM"
"622","EGMFC001MM19","99.48","1500","buy","6/17/2007 11:33:02 AM"
"621","EGMFC001MM19","99.41","1500","sell","6/17/2007 11:33:02 AM"
"620","EGMFC001MM19","99.42","4000","buy","6/17/2007 11:33:02 AM"
"619","EGMFC001MM19","99.44","500","buy","6/17/2007 11:33:02 AM"
"618","EGMFC001MM19","99.44","1000","sell","6/17/2007 11:33:01 AM"
"617","EGMFC001MM19","99.38","500","buy","6/17/2007 11:33:01 AM"
"616","EGMFC001MM19","99.48","3500","buy","6/17/2007 11:33:01 AM"
"615","EGMFC001MM19","99.38","3500","buy","6/17/2007 11:33:01 AM"
"614","EGMFC001MM19","99.48","2000","buy","6/17/2007 11:33:01 AM"
"613","EGMFC001MM19","99.52","50","buy","6/17/2007 11:33:01 AM"
"612","EGMFC001MM19","99.46","4500","sell","6/17/2007 11:33:01 AM"
"611","EGMFC001MM19","99.47","2000","sell","6/17/2007 11:33:01 AM"
"610","EGMFC001MM19","99.46","500","sell","6/17/2007 11:33:01 AM"
"609","EGMFC001MM19","99.53","3500","buy","6/17/2007 11:33:01 AM"
"608","EGMFC001MM19","99.52","1000","buy","6/17/2007 11:33:00 AM"
"607","EGMFC001MM19","99.42","1000","buy","6/17/2007 11:33:00 AM"
"606","EGMFC001MM19","99.42","1000","buy","6/17/2007 11:33:00 AM"
"605","EGMFC001MM19","99.42","4500","buy","6/17/2007 11:33:00 AM"
"604","EGMFC001MM19","99.38","2500","buy","6/17/2007 11:33:00 AM"
"603","EGMFC001MM19","99.38","2500","sell","6/17/2007 11:33:00 AM"
"602","EGMFC001MM19","99.42","4500","buy","6/17/2007 11:33:00 AM"
"601","EGMFC001MM19","99.36","4000","sell","6/17/2007 11:33:00 AM"
"600","EGMFC001MM19","99.38","4500","buy","6/17/2007 11:33:00 AM"
"599","EGMFC001MM19","99.44","3000","sell","6/17/2007 11:33:00 AM"
"598","EGMFC001MM19","99.44","4500","sell","6/17/2007 11:32:59 AM"
"597","EGMFC001MM19","99.50","5000","sell","6/17/2007 11:32:59 AM"
"596","EGMFC001MM19","99.44","1000","sell","6/17/2007 11:32:59 AM"
"595","EGMFC001MM19","99.44","35000","sell","6/17/2007 11:32:59 AM"
"594","EGMFC001MM19","99.51","2500","sell","6/17/2007 11:32:59 AM"
"593","EGMFC001MM19","99.55","3000","buy","6/17/2007 11:32:59 AM"
"592","EGMFC001MM19","99.48","4000","sell","6/17/2007 11:32:59 AM"
"591","EGMFC001MM19","99.48","3500","sell","6/17/2007 11:32:59 AM"
"590","EGMFC001MM19","99.46","5000","buy","6/17/2007 11:32:59 AM"
"589","EGMFC001MM19","99.52","1500","sell","6/17/2007 11:32:59 AM"
"588","EGMFC001MM19","99.44","3000","buy","6/17/2007 11:32:58 AM"
"587","EGMFC001MM19","99.54","4000","buy","6/17/2007 11:32:58 AM"
"586","EGMFC001MM19","99.52","2500","sell","6/17/2007 11:32:58 AM"
"585","EGMFC001MM19","99.51","3500","sell","6/17/2007 11:32:58 AM"
"584","EGMFC001MM19","99.52","4000","sell","6/17/2007 11:32:58 AM"
"583","EGMFC001MM19","99.52","2500","sell","6/17/2007 11:32:58 AM"
"582","EGMFC001MM19","99.54","1500","buy","6/17/2007 11:32:58 AM"
"581","EGMFC001MM19","99.58","3500","buy","6/17/2007 11:32:58 AM"
"580","EGMFC001MM19","99.52","1500","sell","6/17/2007 11:32:58 AM"
"579","EGMFC001MM19","99.52","2000","buy","6/17/2007 11:32:58 AM"
"578","EGMFC001MM19","99.51","1500","sell","6/17/2007 11:32:57 AM"
"577","EGMFC001MM19","99.56","5000","buy","6/17/2007 11:32:57 AM"
"576","EGMFC001MM19","99.47","300","sell","6/17/2007 11:32:57 AM"
"575","EGMFC001MM19","99.42","5000","sell","6/17/2007 11:32:57 AM"
"574","EGMFC001MM19","99.49","2000","sell","6/17/2007 11:32:57 AM"
"573","EGMFC001MM19","99.46","500","buy","6/17/2007 11:32:57 AM"
"572","EGMFC001MM19","99.56","1000","buy","6/17/2007 11:32:57 AM"
"571","EGMFC001MM19","99.44","45000","buy","6/17/2007 11:32:57 AM"
"570","EGMFC001MM19","99.55","2000","buy","6/17/2007 11:32:57 AM"
"569","EGMFC001MM19","99.48","2500","buy","6/17/2007 11:32:57 AM"
"568","EGMFC001MM19","99.59","3000","buy","6/17/2007 11:32:56 AM"
"567","EGMFC001MM19","99.58","3500","buy","6/17/2007 11:32:56 AM"
"566","EGMFC001MM19","99.50","5000","sell","6/17/2007 11:32:56 AM"
"565","EGMFC001MM19","99.42","1000","sell","6/17/2007 11:32:56 AM"
"564","EGMFC001MM19","99.50","2000","sell","6/17/2007 11:32:56 AM"
"563","EGMFC001MM19","99.50","3000","sell","6/17/2007 11:32:56 AM"
"562","EGMFC001MM19","99.46","450","sell","6/17/2007 11:32:56 AM"
"561","EGMFC001MM19","99.50","1000","sell","6/17/2007 11:32:56 AM"
"560","EGMFC001MM19","99.55","500","buy","6/17/2007 11:32:56 AM"
"559","EGMFC001MM19","99.51","5000","sell","6/17/2007 11:32:56 AM"
"558","EGMFC001MM19","99.52","20000","sell","6/17/2007 11:32:55 AM"
"557","EGMFC001MM19","99.56","500","buy","6/17/2007 11:32:55 AM"
"556","EGMFC001MM19","99.48","1000","sell","6/17/2007 11:32:55 AM"
"555","EGMFC001MM19","99.46","2000","sell","6/17/2007 11:32:55 AM"
"554","EGMFC001MM19","99.50","2000","sell","6/17/2007 11:32:55 AM"
"553","EGMFC001MM19","99.52","3500","buy","6/17/2007 11:32:55 AM"
"552","EGMFC001MM19","99.50","4500","sell","6/17/2007 11:32:55 AM"
"551","EGMFC001MM19","99.42","4500","buy","6/17/2007 11:32:55 AM"
"550","EGMFC001MM19","99.42","3000","buy","6/17/2007 11:32:55 AM"
"549","EGMFC001MM19","99.47","500","sell","6/17/2007 11:32:55 AM"
"548","EGMFC001MM19","99.46","150","buy","6/17/2007 11:32:54 AM"
"547","EGMFC001MM19","99.46","2500","sell","6/17/2007 11:32:54 AM"
"546","EGMFC001MM19","99.48","500","sell","6/17/2007 11:32:54 AM"
"545","EGMFC001MM19","99.51","2500","buy","6/17/2007 11:32:54 AM"
"544","EGMFC001MM19","99.46","2000","sell","6/17/2007 11:32:54 AM"
"543","EGMFC001MM19","99.50","3500","sell","6/17/2007 11:32:54 AM"
"542","EGMFC001MM19","99.50","400","buy","6/17/2007 11:32:54 AM"
"541","EGMFC001MM19","99.54","350","buy","6/17/2007 11:32:54 AM"
"540","EGMFC001MM19","99.46","2500","buy","6/17/2007 11:32:54 AM"
"539","EGMFC001MM19","99.44","3500","buy","6/17/2007 11:32:54 AM"
"538","EGMFC001MM19","99.42","200","buy","6/17/2007 11:32:53 AM"
"537","EGMFC001MM19","99.47","4500","sell","6/17/2007 11:32:53 AM"
"536","EGMFC001MM19","99.49","4000","sell","6/17/2007 11:32:53 AM"
"535","EGMFC001MM19","99.51","3500","buy","6/17/2007 11:32:53 AM"
"534","EGMFC001MM19","99.47","3500","sell","6/17/2007 11:32:53 AM"
"533","EGMFC001MM19","99.43","3000","sell","6/17/2007 11:32:53 AM"
"532","EGMFC001MM19","99.51","4500","buy","6/17/2007 11:32:53 AM"
"531","EGMFC001MM19","99.43","3500","sell","6/17/2007 11:32:53 AM"
"530","EGMFC001MM19","99.45","5000","sell","6/17/2007 11:32:53 AM"
"529","EGMFC001MM19","99.47","4500","sell","6/17/2007 11:32:53 AM"
"528","EGMFC001MM19","99.48","500","sell","6/17/2007 11:32:52 AM"
"527","EGMFC001MM19","99.46","4500","buy","6/17/2007 11:32:52 AM"
"526","EGMFC001MM19","99.46","1500","sell","6/17/2007 11:32:52 AM"
"525","EGMFC001MM19","99.48","3500","sell","6/17/2007 11:32:52 AM"
"524","EGMFC001MM19","99.52","4500","sell","6/17/2007 11:32:52 AM"
"523","EGMFC001MM19","99.56","3500","buy","6/17/2007 11:32:52 AM"
"522","EGMFC001MM19","99.52","5000","sell","6/17/2007 11:32:52 AM"
"521","EGMFC001MM19","99.64","4000","buy","6/17/2007 11:32:52 AM"
"520","EGMFC001MM19","99.52","4000","sell","6/17/2007 11:32:52 AM"
"519","EGMFC001MM19","99.56","3500","sell","6/17/2007 11:32:52 AM"
"518","EGMFC001MM19","99.56","4000","buy","6/17/2007 11:32:51 AM"
"517","EGMFC001MM19","99.57","2000","buy","6/17/2007 11:32:51 AM"
"516","EGMFC001MM19","99.56","3000","buy","6/17/2007 11:32:51 AM"
"515","EGMFC001MM19","99.54","500","sell","6/17/2007 11:32:51 AM"
"514","EGMFC001MM19","99.56","5000","buy","6/17/2007 11:32:51 AM"
"513","EGMFC001MM19","99.48","15000","buy","6/17/2007 11:32:51 AM"
"512","EGMFC001MM19","99.59","5000","buy","6/17/2007 11:32:51 AM"
"511","EGMFC001MM19","99.50","4000","buy","6/17/2007 11:32:51 AM"
"510","EGMFC001MM19","99.60","5000","buy","6/17/2007 11:32:51 AM"
"509","EGMFC001MM19","99.56","1000","sell","6/17/2007 11:32:51 AM"
"508","EGMFC001MM19","99.55","5000","sell","6/17/2007 11:32:50 AM"
"507","EGMFC001MM19","99.46","3000","buy","6/17/2007 11:32:50 AM"
"506","EGMFC001MM19","99.56","5000","buy","6/17/2007 11:32:50 AM"
"505","EGMFC001MM19","99.58","500","buy","6/17/2007 11:32:50 AM"
"504","EGMFC001MM19","99.54","2000","buy","6/17/2007 11:32:50 AM"
"503","EGMFC001MM19","99.50","5000","buy","6/17/2007 11:32:50 AM"
"502","EGMFC001MM19","99.52","2500","sell","6/17/2007 11:32:50 AM"
"501","EGMFC001MM19","99.52","250","buy","6/17/2007 11:32:50 AM"
"500","EGMFC001MM19","99.56","5000","buy","6/17/2007 11:32:50 AM"
"499","EGMFC001MM19","99.46","500","sell","6/17/2007 11:32:50 AM"
"498","EGMFC001MM19","99.57","2000","buy","6/17/2007 11:32:49 AM"
"497","EGMFC001MM19","99.51","4000","sell","6/17/2007 11:32:49 AM"
"496","EGMFC001MM19","99.47","1500","sell","6/17/2007 11:32:49 AM"
"495","EGMFC001MM19","99.49","2000","sell","6/17/2007 11:32:49 AM"
"494","EGMFC001MM19","99.48","2000","sell","6/17/2007 11:32:49 AM"
"493","EGMFC001MM19","99.55","3500","sell","6/17/2007 11:32:49 AM"
"492","EGMFC001MM19","99.64","500","buy","6/17/2007 11:32:49 AM"
"491","EGMFC001MM19","99.54","4000","sell","6/17/2007 11:32:49 AM"
"490","EGMFC001MM19","99.54","1500","buy","6/17/2007 11:32:49 AM"
"489","EGMFC001MM19","99.55","2000","sell","6/17/2007 11:32:49 AM"
"488","EGMFC001MM19","99.59","3500","buy","6/17/2007 11:32:48 AM"
"487","EGMFC001MM19","99.50","4500","buy","6/17/2007 11:32:48 AM"
"486","EGMFC001MM19","99.44","2500","sell","6/17/2007 11:32:48 AM"
"485","EGMFC001MM19","99.50","10000","sell","6/17/2007 11:32:48 AM"
"484","EGMFC001MM19","99.52","4000","buy","6/17/2007 11:32:48 AM"
"483","EGMFC001MM19","99.50","3000","buy","6/17/2007 11:32:48 AM"
"482","EGMFC001MM19","99.48","3000","buy","6/17/2007 11:32:48 AM"
"481","EGMFC001MM19","99.50","500","buy","6/17/2007 11:32:48 AM"
"480","EGMFC001MM19","99.51","500","buy","6/17/2007 11:32:48 AM"
"479","EGMFC001MM19","99.42","5000","buy","6/17/2007 11:32:48 AM"
"478","EGMFC001MM19","99.51","40000","buy","6/17/2007 11:32:47 AM"
"477","EGMFC001MM19","99.50","4000","sell","6/17/2007 11:32:47 AM"
"476","EGMFC001MM19","99.50","4500","buy","6/17/2007 11:32:47 AM"
"475","EGMFC001MM19","99.50","1000","buy","6/17/2007 11:32:47 AM"
"474","EGMFC001MM19","99.49","4000","sell","6/17/2007 11:32:47 AM"
"473","EGMFC001MM19","99.48","3000","sell","6/17/2007 11:32:47 AM"
"472","EGMFC001MM19","99.50","2500","buy","6/17/2007 11:32:47 AM"
"471","EGMFC001MM19","99.52","3000","buy","6/17/2007 11:32:47 AM"
"470","EGMFC001MM19","99.48","250","buy","6/17/2007 11:32:47 AM"
"469","EGMFC001MM19","99.42","500","buy","6/17/2007 11:32:47 AM"
"468","EGMFC001MM19","99.42","250","sell","6/17/2007 11:32:46 AM"
"467","EGMFC001MM19","99.42","4500","sell","6/17/2007 11:32:46 AM"
"466","EGMFC001MM19","99.38","4500","buy","6/17/2007 11:32:46 AM"
"465","EGMFC001MM19","99.44","4500","buy","6/17/2007 11:32:46 AM"
"464","EGMFC001MM19","99.50","45000","buy","6/17/2007 11:32:46 AM"
"463","EGMFC001MM19","99.38","5000","buy","6/17/2007 11:32:46 AM"
"462","EGMFC001MM19","99.46","3500","buy","6/17/2007 11:32:46 AM"
"461","EGMFC001MM19","99.40","4000","buy","6/17/2007 11:32:46 AM"
"460","EGMFC001MM19","99.42","3500","sell","6/17/2007 11:32:46 AM"
"459","EGMFC001MM19","99.46","500","buy","6/17/2007 11:32:46 AM"
"458","EGMFC001MM19","99.46","25000","sell","6/17/2007 11:32:45 AM"
"457","EGMFC001MM19","99.46","1500","sell","6/17/2007 11:32:45 AM"
"456","EGMFC001MM19","99.51","1500","sell","6/17/2007 11:32:45 AM"
"455","EGMFC001MM19","99.50","1000","sell","6/17/2007 11:32:45 AM"
"454","EGMFC001MM19","99.50","1000","sell","6/17/2007 11:32:45 AM"
"453","EGMFC001MM19","99.53","500","sell","6/17/2007 11:32:45 AM"
"452","EGMFC001MM19","99.46","2000","buy","6/17/2007 11:32:45 AM"
"451","EGMFC001MM19","99.50","100","buy","6/17/2007 11:32:45 AM"
"450","EGMFC001MM19","99.55","500","buy","6/17/2007 11:32:45 AM"
"449","EGMFC001MM19","99.56","300","buy","6/17/2007 11:32:45 AM"
"448","EGMFC001MM19","99.47","4000","sell","6/17/2007 11:32:44 AM"
"447","EGMFC001MM19","99.54","4500","buy","6/17/2007 11:32:44 AM"
"446","EGMFC001MM19","99.54","3000","buy","6/17/2007 11:32:44 AM"
"445","EGMFC001MM19","99.45","3500","buy","6/17/2007 11:32:44 AM"
"444","EGMFC001MM19","99.49","1000","buy","6/17/2007 11:32:44 AM"
"443","EGMFC001MM19","99.53","100","buy","6/17/2007 11:32:44 AM"
"442","EGMFC001MM19","99.43","4000","buy","6/17/2007 11:32:44 AM"
"441","EGMFC001MM19","99.45","1500","buy","6/17/2007 11:32:44 AM"
"440","EGMFC001MM19","99.45","3500","buy","6/17/2007 11:32:44 AM"
"439","EGMFC001MM19","99.53","3500","buy","6/17/2007 11:32:44 AM"
"438","EGMFC001MM19","99.53","4500","buy","6/17/2007 11:32:43 AM"
"437","EGMFC001MM19","99.43","4500","buy","6/17/2007 11:32:43 AM"
"436","EGMFC001MM19","99.39","4500","sell","6/17/2007 11:32:43 AM"
"435","EGMFC001MM19","99.43","1000","sell","6/17/2007 11:32:43 AM"
"434","EGMFC001MM19","99.43","2000","sell","6/17/2007 11:32:43 AM"
"433","EGMFC001MM19","99.43","1000","sell","6/17/2007 11:32:43 AM"
"432","EGMFC001MM19","99.53","1000","buy","6/17/2007 11:32:43 AM"
"431","EGMFC001MM19","99.49","1000","sell","6/17/2007 11:32:43 AM"
"430","EGMFC001MM19","99.51","2500","sell","6/17/2007 11:32:43 AM"
"429","EGMFC001MM19","99.51","4500","sell","6/17/2007 11:32:43 AM"
"428","EGMFC001MM19","99.54","5000","buy","6/17/2007 11:32:42 AM"
"427","EGMFC001MM19","99.47","4500","buy","6/17/2007 11:32:42 AM"
"426","EGMFC001MM19","99.51","3500","buy","6/17/2007 11:32:42 AM"
"425","EGMFC001MM19","99.45","500","sell","6/17/2007 11:32:42 AM"
"424","EGMFC001MM19","99.45","5000","sell","6/17/2007 11:32:42 AM"
"423","EGMFC001MM19","99.43","3000","sell","6/17/2007 11:32:42 AM"
"422","EGMFC001MM19","99.51","5000","buy","6/17/2007 11:32:42 AM"
"421","EGMFC001MM19","99.39","500","buy","6/17/2007 11:32:42 AM"
"420","EGMFC001MM19","99.45","2000","sell","6/17/2007 11:32:42 AM"
"419","EGMFC001MM19","99.41","500","buy","6/17/2007 11:32:42 AM"
"418","EGMFC001MM19","99.46","3000","sell","6/17/2007 11:32:41 AM"
"417","EGMFC001MM19","99.50","1500","buy","6/17/2007 11:32:41 AM"
"416","EGMFC001MM19","99.46","2000","sell","6/17/2007 11:32:41 AM"
"415","EGMFC001MM19","99.50","500","buy","6/17/2007 11:32:41 AM"
"414","EGMFC001MM19","99.51","500","buy","6/17/2007 11:32:41 AM"
"413","EGMFC001MM19","99.51","200","buy","6/17/2007 11:32:41 AM"
"412","EGMFC001MM19","99.49","3500","buy","6/17/2007 11:32:41 AM"
"411","EGMFC001MM19","99.47","5000","sell","6/17/2007 11:32:41 AM"
"410","EGMFC001MM19","99.47","2500","sell","6/17/2007 11:32:41 AM"
"409","EGMFC001MM19","99.39","1500","sell","6/17/2007 11:32:41 AM"
"408","EGMFC001MM19","99.47","5000","sell","6/17/2007 11:32:40 AM"
"407","EGMFC001MM19","99.43","3500","buy","6/17/2007 11:32:40 AM"
"406","EGMFC001MM19","99.43","1500","buy","6/17/2007 11:32:40 AM"
"405","EGMFC001MM19","99.43","500","sell","6/17/2007 11:32:40 AM"
"404","EGMFC001MM19","99.50","2000","sell","6/17/2007 11:32:40 AM"
"403","EGMFC001MM19","99.43","500","sell","6/17/2007 11:32:40 AM"
"402","EGMFC001MM19","99.43","5000","sell","6/17/2007 11:32:40 AM"
"401","EGMFC001MM19","99.49","4500","buy","6/17/2007 11:32:40 AM"
"400","EGMFC001MM19","99.49","3500","sell","6/17/2007 11:32:40 AM"
"399","EGMFC001MM19","99.53","5000","buy","6/17/2007 11:32:40 AM"
"398","EGMFC001MM19","99.55","4000","buy","6/17/2007 11:32:39 AM"
"397","EGMFC001MM19","99.47","30000","buy","6/17/2007 11:32:39 AM"
"396","EGMFC001MM19","99.39","500","buy","6/17/2007 11:32:39 AM"
"395","EGMFC001MM19","99.53","500","buy","6/17/2007 11:32:39 AM"
"394","EGMFC001MM19","99.45","500","sell","6/17/2007 11:32:39 AM"
"393","EGMFC001MM19","99.41","3000","sell","6/17/2007 11:32:39 AM"
"392","EGMFC001MM19","99.47","200","sell","6/17/2007 11:32:39 AM"
"391","EGMFC001MM19","99.43","500","buy","6/17/2007 11:32:39 AM"
"390","EGMFC001MM19","99.45","3000","buy","6/17/2007 11:32:39 AM"
"389","EGMFC001MM19","99.39","5000","sell","6/17/2007 11:32:39 AM"
"388","EGMFC001MM19","99.47","200","buy","6/17/2007 11:32:38 AM"
"387","EGMFC001MM19","99.47","2000","buy","6/17/2007 11:32:38 AM"
"386","EGMFC001MM19","99.41","4000","sell","6/17/2007 11:32:38 AM"
"385","EGMFC001MM19","99.37","500","buy","6/17/2007 11:32:38 AM"
"384","EGMFC001MM19","99.41","1500","sell","6/17/2007 11:32:38 AM"
"383","EGMFC001MM19","99.47","3000","buy","6/17/2007 11:32:38 AM"
"382","EGMFC001MM19","99.41","100","buy","6/17/2007 11:32:38 AM"
"381","EGMFC001MM19","99.45","3000","buy","6/17/2007 11:32:38 AM"
"380","EGMFC001MM19","99.44","2000","sell","6/17/2007 11:32:38 AM"
"379","EGMFC001MM19","99.39","5000","sell","6/17/2007 11:32:38 AM"
"378","EGMFC001MM19","99.45","500","buy","6/17/2007 11:32:37 AM"
"377","EGMFC001MM19","99.41","1500","buy","6/17/2007 11:32:37 AM"
"376","EGMFC001MM19","99.47","5000","sell","6/17/2007 11:32:37 AM"
"375","EGMFC001MM19","99.49","50","sell","6/17/2007 11:32:37 AM"
"374","EGMFC001MM19","99.51","200","sell","6/17/2007 11:32:37 AM"
"373","EGMFC001MM19","99.51","50","sell","6/17/2007 11:32:37 AM"
"372","EGMFC001MM19","99.47","1000","buy","6/17/2007 11:32:37 AM"
"371","EGMFC001MM19","99.57","5000","buy","6/17/2007 11:32:37 AM"
"370","EGMFC001MM19","99.55","500","buy","6/17/2007 11:32:37 AM"
"369","EGMFC001MM19","99.51","4000","sell","6/17/2007 11:32:37 AM"
"368","EGMFC001MM19","99.49","500","sell","6/17/2007 11:32:36 AM"
"367","EGMFC001MM19","99.51","1000","sell","6/17/2007 11:32:36 AM"
"366","EGMFC001MM19","99.48","5000","sell","6/17/2007 11:32:36 AM"
"365","EGMFC001MM19","99.55","2500","buy","6/17/2007 11:32:36 AM"
"364","EGMFC001MM19","99.51","5000","buy","6/17/2007 11:32:36 AM"
"363","EGMFC001MM19","99.45","1000","sell","6/17/2007 11:32:36 AM"
"362","EGMFC001MM19","99.41","2500","sell","6/17/2007 11:32:36 AM"
"361","EGMFC001MM19","99.45","3500","sell","6/17/2007 11:32:36 AM"
"360","EGMFC001MM19","99.45","1000","buy","6/17/2007 11:32:36 AM"
"359","EGMFC001MM19","99.41","2500","sell","6/17/2007 11:32:36 AM"
"358","EGMFC001MM19","99.41","3000","sell","6/17/2007 11:32:35 AM"
"357","EGMFC001MM19","99.42","500","sell","6/17/2007 11:32:35 AM"
"356","EGMFC001MM19","99.43","5000","sell","6/17/2007 11:32:35 AM"
"355","EGMFC001MM19","99.45","3500","sell","6/17/2007 11:32:35 AM"
"354","EGMFC001MM19","99.43","1500","sell","6/17/2007 11:32:35 AM"
"353","EGMFC001MM19","99.39","40000","buy","6/17/2007 11:32:35 AM"
"352","EGMFC001MM19","99.45","3000","sell","6/17/2007 11:32:35 AM"
"351","EGMFC001MM19","99.46","4000","buy","6/17/2007 11:32:35 AM"
"350","EGMFC001MM19","99.45","40000","buy","6/17/2007 11:32:35 AM"
"349","EGMFC001MM19","99.41","4500","sell","6/17/2007 11:32:35 AM"
"348","EGMFC001MM19","99.37","3500","buy","6/17/2007 11:32:34 AM"
"347","EGMFC001MM19","99.43","2500","sell","6/17/2007 11:32:34 AM"
"346","EGMFC001MM19","99.43","3500","sell","6/17/2007 11:32:34 AM"
"345","EGMFC001MM19","99.47","3500","buy","6/17/2007 11:32:34 AM"
"344","EGMFC001MM19","99.43","2500","sell","6/17/2007 11:32:34 AM"
"343","EGMFC001MM19","99.47","4500","buy","6/17/2007 11:32:34 AM"
"342","EGMFC001MM19","99.43","500","sell","6/17/2007 11:32:34 AM"
"341","EGMFC001MM19","99.43","4000","sell","6/17/2007 11:32:34 AM"
"340","EGMFC001MM19","99.44","500","sell","6/17/2007 11:32:34 AM"
"339","EGMFC001MM19","99.38","2500","sell","6/17/2007 11:32:34 AM"
"338","EGMFC001MM19","99.44","2000","sell","6/17/2007 11:32:33 AM"
"337","EGMFC001MM19","99.42","3000","sell","6/17/2007 11:32:33 AM"
"336","EGMFC001MM19","99.42","5000","buy","6/17/2007 11:32:33 AM"
"335","EGMFC001MM19","99.50","2000","buy","6/17/2007 11:32:33 AM"
"334","EGMFC001MM19","99.38","1000","sell","6/17/2007 11:32:33 AM"
"333","EGMFC001MM19","99.45","4000","sell","6/17/2007 11:32:33 AM"
"332","EGMFC001MM19","99.48","1500","buy","6/17/2007 11:32:33 AM"
"331","EGMFC001MM19","99.38","50000","buy","6/17/2007 11:32:33 AM"
"330","EGMFC001MM19","99.38","5000","buy","6/17/2007 11:32:33 AM"
"329","EGMFC001MM19","99.44","3500","sell","6/17/2007 11:32:33 AM"
"328","EGMFC001MM19","99.41","2500","sell","6/17/2007 11:32:32 AM"
"327","EGMFC001MM19","99.51","1000","buy","6/17/2007 11:32:32 AM"
"326","EGMFC001MM19","99.49","3500","sell","6/17/2007 11:32:32 AM"
"325","EGMFC001MM19","99.47","5000","sell","6/17/2007 11:32:32 AM"
"324","EGMFC001MM19","99.50","1500","buy","6/17/2007 11:32:32 AM"
"323","EGMFC001MM19","99.50","3000","buy","6/17/2007 11:32:32 AM"
"322","EGMFC001MM19","99.52","3500","buy","6/17/2007 11:32:32 AM"
"321","EGMFC001MM19","99.46","2000","buy","6/17/2007 11:32:32 AM"
"320","EGMFC001MM19","99.46","4000","buy","6/17/2007 11:32:32 AM"
"319","EGMFC001MM19","99.46","3500","buy","6/17/2007 11:32:32 AM"
"318","EGMFC001MM19","99.38","2000","buy","6/17/2007 11:32:31 AM"
"317","EGMFC001MM19","99.45","5000","buy","6/17/2007 11:32:31 AM"
"316","EGMFC001MM19","99.51","3000","sell","6/17/2007 11:32:31 AM"
"315","EGMFC001MM19","99.43","3500","sell","6/17/2007 11:32:31 AM"
"314","EGMFC001MM19","99.48","500","buy","6/17/2007 11:32:31 AM"
"313","EGMFC001MM19","99.40","4500","buy","6/17/2007 11:32:31 AM"
"312","EGMFC001MM19","99.40","500","buy","6/17/2007 11:32:31 AM"
"311","EGMFC001MM19","99.50","250","buy","6/17/2007 11:32:31 AM"
"310","EGMFC001MM19","99.46","4000","buy","6/17/2007 11:32:31 AM"
"309","EGMFC001MM19","99.54","3000","buy","6/17/2007 11:32:31 AM"
"308","EGMFC001MM19","99.46","10000","sell","6/17/2007 11:32:30 AM"
"307","EGMFC001MM19","99.46","3000","sell","6/17/2007 11:32:30 AM"
"306","EGMFC001MM19","99.45","1000","sell","6/17/2007 11:32:30 AM"
"305","EGMFC001MM19","99.45","3500","sell","6/17/2007 11:32:30 AM"
"304","EGMFC001MM19","99.47","3000","sell","6/17/2007 11:32:30 AM"
"303","EGMFC001MM19","99.49","4500","sell","6/17/2007 11:32:30 AM"
"302","EGMFC001MM19","99.50","2000","buy","6/17/2007 11:32:30 AM"
"301","EGMFC001MM19","99.44","3000","sell","6/17/2007 11:32:30 AM"
"300","EGMFC001MM19","99.48","2500","sell","6/17/2007 11:32:30 AM"
"299","EGMFC001MM19","99.48","2500","sell","6/17/2007 11:32:30 AM"
"298","EGMFC001MM19","99.42","3000","buy","6/17/2007 11:32:29 AM"
"297","EGMFC001MM19","99.49","4500","sell","6/17/2007 11:32:29 AM"
"296","EGMFC001MM19","99.48","4000","buy","6/17/2007 11:32:29 AM"
"295","EGMFC001MM19","99.50","1500","buy","6/17/2007 11:32:29 AM"
"294","EGMFC001MM19","99.47","150","buy","6/17/2007 11:32:29 AM"
"293","EGMFC001MM19","99.49","3000","buy","6/17/2007 11:32:29 AM"
"292","EGMFC001MM19","99.51","35000","sell","6/17/2007 11:32:29 AM"
"291","EGMFC001MM19","99.47","200","sell","6/17/2007 11:32:29 AM"
"290","EGMFC001MM19","99.50","500","sell","6/17/2007 11:32:29 AM"
"289","EGMFC001MM19","99.53","1000","buy","6/17/2007 11:32:29 AM"
"288","EGMFC001MM19","99.57","2000","buy","6/17/2007 11:32:28 AM"
"287","EGMFC001MM19","99.59","250","buy","6/17/2007 11:32:28 AM"
"286","EGMFC001MM19","99.57","2500","sell","6/17/2007 11:32:28 AM"
"285","EGMFC001MM19","99.56","40000","sell","6/17/2007 11:32:28 AM"
"284","EGMFC001MM19","99.53","3000","sell","6/17/2007 11:32:28 AM"
"283","EGMFC001MM19","99.57","150","buy","6/17/2007 11:32:28 AM"
"282","EGMFC001MM19","99.50","1500","sell","6/17/2007 11:32:28 AM"
"281","EGMFC001MM19","99.52","3000","buy","6/17/2007 11:32:28 AM"
"280","EGMFC001MM19","99.50","3000","sell","6/17/2007 11:32:28 AM"
"279","EGMFC001MM19","99.48","500","sell","6/17/2007 11:32:28 AM"
"278","EGMFC001MM19","99.48","3500","sell","6/17/2007 11:32:27 AM"
"277","EGMFC001MM19","99.50","400","sell","6/17/2007 11:32:27 AM"
"276","EGMFC001MM19","99.52","100","buy","6/17/2007 11:32:27 AM"
"275","EGMFC001MM19","99.48","2000","sell","6/17/2007 11:32:27 AM"
"274","EGMFC001MM19","99.54","4000","buy","6/17/2007 11:32:27 AM"
"273","EGMFC001MM19","99.58","2500","buy","6/17/2007 11:32:27 AM"
"272","EGMFC001MM19","99.52","1500","buy","6/17/2007 11:32:27 AM"
"271","EGMFC001MM19","99.44","3000","sell","6/17/2007 11:32:27 AM"
"270","EGMFC001MM19","99.51","2500","sell","6/17/2007 11:32:27 AM"
"269","EGMFC001MM19","99.44","3000","sell","6/17/2007 11:32:27 AM"
"268","EGMFC001MM19","99.46","20000","buy","6/17/2007 11:32:26 AM"
"267","EGMFC001MM19","99.48","1500","sell","6/17/2007 11:32:26 AM"
"266","EGMFC001MM19","99.48","4000","sell","6/17/2007 11:32:26 AM"
"265","EGMFC001MM19","99.48","2000","buy","6/17/2007 11:32:26 AM"
"264","EGMFC001MM19","99.44","2000","sell","6/17/2007 11:32:26 AM"
"263","EGMFC001MM19","99.53","3500","buy","6/17/2007 11:32:26 AM"
"262","EGMFC001MM19","99.50","2500","buy","6/17/2007 11:32:26 AM"
"261","EGMFC001MM19","99.49","3500","sell","6/17/2007 11:32:26 AM"
"260","EGMFC001MM19","99.48","1000","sell","6/17/2007 11:32:26 AM"
"259","EGMFC001MM19","99.51","2000","sell","6/17/2007 11:32:26 AM"
"258","EGMFC001MM19","99.46","500","sell","6/17/2007 11:32:25 AM"
"257","EGMFC001MM19","99.48","2000","buy","6/17/2007 11:32:25 AM"
"256","EGMFC001MM19","99.44","2000","buy","6/17/2007 11:32:25 AM"
"255","EGMFC001MM19","99.50","3000","sell","6/17/2007 11:32:25 AM"
"254","EGMFC001MM19","99.48","2000","sell","6/17/2007 11:32:25 AM"
"253","EGMFC001MM19","99.48","2500","sell","6/17/2007 11:32:25 AM"
"252","EGMFC001MM19","99.51","3000","sell","6/17/2007 11:32:25 AM"
"251","EGMFC001MM19","99.48","2000","sell","6/17/2007 11:32:25 AM"
"250","EGMFC001MM19","99.52","1500","sell","6/17/2007 11:32:25 AM"
"249","EGMFC001MM19","99.46","300","sell","6/17/2007 11:32:25 AM"
"248","EGMFC001MM19","99.46","3000","buy","6/17/2007 11:32:24 AM"
"247","EGMFC001MM19","99.44","150","buy","6/17/2007 11:32:24 AM"
"246","EGMFC001MM19","99.50","1000","sell","6/17/2007 11:32:24 AM"
"245","EGMFC001MM19","99.50","4000","sell","6/17/2007 11:32:24 AM"
"244","EGMFC001MM19","99.48","500","sell","6/17/2007 11:32:24 AM"
"243","EGMFC001MM19","99.50","500","sell","6/17/2007 11:32:24 AM"
"242","EGMFC001MM19","99.60","500","buy","6/17/2007 11:32:24 AM"
"241","EGMFC001MM19","99.50","3500","buy","6/17/2007 11:32:24 AM"
"240","EGMFC001MM19","99.51","4000","sell","6/17/2007 11:32:24 AM"
"239","EGMFC001MM19","99.52","2500","buy","6/17/2007 11:32:24 AM"
"238","EGMFC001MM19","99.51","10000","sell","6/17/2007 11:32:23 AM"
"237","EGMFC001MM19","99.52","4500","buy","6/17/2007 11:32:23 AM"
"236","EGMFC001MM19","99.52","5000","buy","6/17/2007 11:32:23 AM"
"235","EGMFC001MM19","99.50","3500","sell","6/17/2007 11:32:23 AM"
"234","EGMFC001MM19","99.51","1000","sell","6/17/2007 11:32:23 AM"
"233","EGMFC001MM19","99.54","1000","sell","6/17/2007 11:32:23 AM"
"232","EGMFC001MM19","99.54","2500","sell","6/17/2007 11:32:23 AM"
"231","EGMFC001MM19","99.62","4500","buy","6/17/2007 11:32:23 AM"
"230","EGMFC001MM19","99.54","1500","sell","6/17/2007 11:32:23 AM"
"229","EGMFC001MM19","99.50","2500","buy","6/17/2007 11:32:23 AM"
"228","EGMFC001MM19","99.50","5000","sell","6/17/2007 11:32:22 AM"
"227","EGMFC001MM19","99.53","2500","sell","6/17/2007 11:32:22 AM"
"226","EGMFC001MM19","99.50","15000","sell","6/17/2007 11:32:22 AM"
"225","EGMFC001MM19","99.54","25000","buy","6/17/2007 11:32:22 AM"
"224","EGMFC001MM19","99.50","150","sell","6/17/2007 11:32:22 AM"
"223","EGMFC001MM19","99.57","5000","buy","6/17/2007 11:32:22 AM"
"222","EGMFC001MM19","99.53","3500","sell","6/17/2007 11:32:22 AM"
"221","EGMFC001MM19","99.55","2000","sell","6/17/2007 11:32:22 AM"
"220","EGMFC001MM19","99.55","2000","buy","6/17/2007 11:32:22 AM"
"219","EGMFC001MM19","99.53","2000","sell","6/17/2007 11:32:22 AM"
"218","EGMFC001MM19","99.54","500","sell","6/17/2007 11:32:21 AM"
"217","EGMFC001MM19","99.52","45000","buy","6/17/2007 11:32:21 AM"
"216","EGMFC001MM19","99.60","2000","buy","6/17/2007 11:32:21 AM"
"215","EGMFC001MM19","99.58","3000","sell","6/17/2007 11:32:21 AM"
"214","EGMFC001MM19","99.64","1500","buy","6/17/2007 11:32:21 AM"
"213","EGMFC001MM19","99.56","2000","sell","6/17/2007 11:32:21 AM"
"212","EGMFC001MM19","99.58","3500","sell","6/17/2007 11:32:21 AM"
"211","EGMFC001MM19","99.60","1000","sell","6/17/2007 11:32:21 AM"
"210","EGMFC001MM19","99.60","4500","buy","6/17/2007 11:32:21 AM"
"209","EGMFC001MM19","99.60","5000","sell","6/17/2007 11:32:21 AM"
"208","EGMFC001MM19","99.58","2000","sell","6/17/2007 11:32:20 AM"
"207","EGMFC001MM19","99.63","4000","buy","6/17/2007 11:32:20 AM"
"206","EGMFC001MM19","99.68","2500","buy","6/17/2007 11:32:20 AM"
"205","EGMFC001MM19","99.60","2500","sell","6/17/2007 11:32:20 AM"
"204","EGMFC001MM19","99.58","2500","sell","6/17/2007 11:32:20 AM"
"203","EGMFC001MM19","99.65","2500","buy","6/17/2007 11:32:20 AM"
"202","EGMFC001MM19","99.62","1500","buy","6/17/2007 11:32:20 AM"
"201","EGMFC001MM19","99.54","3500","sell","6/17/2007 11:32:20 AM"
"200","EGMFC001MM19","99.56","300","sell","6/17/2007 11:32:20 AM"
"199","EGMFC001MM19","99.59","5000","sell","6/17/2007 11:32:20 AM"
"198","EGMFC001MM19","99.62","1000","sell","6/17/2007 11:32:19 AM"
"197","EGMFC001MM19","99.60","3000","buy","6/17/2007 11:32:19 AM"
"196","EGMFC001MM19","99.54","2500","buy","6/17/2007 11:32:19 AM"
"195","EGMFC001MM19","99.70","4500","buy","6/17/2007 11:32:19 AM"
"194","EGMFC001MM19","99.64","4500","buy","6/17/2007 11:32:19 AM"
"193","EGMFC001MM19","99.62","4500","buy","6/17/2007 11:32:19 AM"
"192","EGMFC001MM19","99.58","1500","sell","6/17/2007 11:32:19 AM"
"191","EGMFC001MM19","99.68","1500","buy","6/17/2007 11:32:19 AM"
"190","EGMFC001MM19","99.60","4000","sell","6/17/2007 11:32:19 AM"
"189","EGMFC001MM19","99.58","3000","buy","6/17/2007 11:32:19 AM"
"188","EGMFC001MM19","99.62","2000","buy","6/17/2007 11:32:18 AM"
"187","EGMFC001MM19","99.51","1500","sell","6/17/2007 11:32:18 AM"
"186","EGMFC001MM19","99.57","500","sell","6/17/2007 11:32:18 AM"
"185","EGMFC001MM19","99.55","1500","sell","6/17/2007 11:32:18 AM"
"184","EGMFC001MM19","99.55","5000","buy","6/17/2007 11:32:18 AM"
"183","EGMFC001MM19","99.54","3000","buy","6/17/2007 11:32:18 AM"
"182","EGMFC001MM19","99.60","4500","buy","6/17/2007 11:32:18 AM"
"181","EGMFC001MM19","99.64","100","buy","6/17/2007 11:32:18 AM"
"180","EGMFC001MM19","99.54","1000","buy","6/17/2007 11:32:18 AM"
"179","EGMFC001MM19","99.52","450","sell","6/17/2007 11:32:18 AM"
"178","EGMFC001MM19","99.52","1000","buy","6/17/2007 11:32:17 AM"
"177","EGMFC001MM19","99.56","5000","sell","6/17/2007 11:32:17 AM"
"176","EGMFC001MM19","99.50","1500","buy","6/17/2007 11:32:17 AM"
"175","EGMFC001MM19","99.58","100","buy","6/17/2007 11:32:17 AM"
"174","EGMFC001MM19","99.58","2000","buy","6/17/2007 11:32:17 AM"
"173","EGMFC001MM19","99.54","2000","buy","6/17/2007 11:32:17 AM"
"172","EGMFC001MM19","99.60","3000","buy","6/17/2007 11:32:17 AM"
"171","EGMFC001MM19","99.59","3500","sell","6/17/2007 11:32:17 AM"
"170","EGMFC001MM19","99.56","5000","buy","6/17/2007 11:32:17 AM"
"169","EGMFC001MM19","99.56","2500","buy","6/17/2007 11:32:17 AM"
"168","EGMFC001MM19","99.58","5000","sell","6/17/2007 11:32:16 AM"
"167","EGMFC001MM19","99.64","2000","buy","6/17/2007 11:32:16 AM"
"166","EGMFC001MM19","99.62","4000","sell","6/17/2007 11:32:16 AM"
"165","EGMFC001MM19","99.60","3500","buy","6/17/2007 11:32:16 AM"
"164","EGMFC001MM19","99.54","3000","sell","6/17/2007 11:32:16 AM"
"163","EGMFC001MM19","99.66","1500","sell","6/17/2007 11:32:16 AM"
"162","EGMFC001MM19","99.66","1000","sell","6/17/2007 11:32:16 AM"
"161","EGMFC001MM19","99.62","50000","sell","6/17/2007 11:32:16 AM"
"160","EGMFC001MM19","99.62","2500","buy","6/17/2007 11:32:16 AM"
"159","EGMFC001MM19","99.62","2500","buy","6/17/2007 11:32:16 AM"
"158","EGMFC001MM19","99.74","5000","buy","6/17/2007 11:32:15 AM"
"157","EGMFC001MM19","99.70","4000","sell","6/17/2007 11:32:15 AM"
"156","EGMFC001MM19","99.74","5000","buy","6/17/2007 11:32:15 AM"
"155","EGMFC001MM19","99.72","3000","sell","6/17/2007 11:32:15 AM"
"154","EGMFC001MM19","99.66","50000","sell","6/17/2007 11:32:15 AM"
"153","EGMFC001MM19","99.79","4000","sell","6/17/2007 11:32:15 AM"
"152","EGMFC001MM19","99.76","500","sell","6/17/2007 11:32:15 AM"
"151","EGMFC001MM19","99.76","1000","buy","6/17/2007 11:32:15 AM"
"150","EGMFC001MM19","99.76","2500","sell","6/17/2007 11:32:15 AM"
"149","EGMFC001MM19","99.76","3500","sell","6/17/2007 11:32:15 AM"
"148","EGMFC001MM19","99.80","1500","sell","6/17/2007 11:32:14 AM"
"147","EGMFC001MM19","99.76","500","sell","6/17/2007 11:32:14 AM"
"146","EGMFC001MM19","99.77","4500","sell","6/17/2007 11:32:14 AM"
"145","EGMFC001MM19","99.72","3500","sell","6/17/2007 11:32:14 AM"
"144","EGMFC001MM19","99.88","2000","buy","6/17/2007 11:32:14 AM"
"143","EGMFC001MM19","99.85","500","sell","6/17/2007 11:32:14 AM"
"142","EGMFC001MM19","99.80","30000","sell","6/17/2007 11:32:14 AM"
"141","EGMFC001MM19","99.91","4000","buy","6/17/2007 11:32:14 AM"
"140","EGMFC001MM19","99.85","4000","sell","6/17/2007 11:32:14 AM"
"139","EGMFC001MM19","99.87","5000","sell","6/17/2007 11:32:13 AM"
"138","EGMFC001MM19","99.90","45000","sell","6/17/2007 11:32:13 AM"
"137","EGMFC001MM19","99.88","3000","sell","6/17/2007 11:32:13 AM"
"136","EGMFC001MM19","99.86","5000","sell","6/17/2007 11:32:13 AM"
"135","EGMFC001MM19","99.84","2500","buy","6/17/2007 11:32:13 AM"
"134","EGMFC001MM19","99.80","500","buy","6/17/2007 11:32:13 AM"
"133","EGMFC001MM19","99.94","2000","buy","6/17/2007 11:32:13 AM"
"132","EGMFC001MM19","99.84","1500","sell","6/17/2007 11:32:13 AM"
"131","EGMFC001MM19","99.85","3000","sell","6/17/2007 11:32:13 AM"
"130","EGMFC001MM19","99.85","3000","sell","6/17/2007 11:32:13 AM"
"129","EGMFC001MM19","99.88","5000","buy","6/17/2007 11:32:12 AM"
"128","EGMFC001MM19","99.88","500","buy","6/17/2007 11:32:12 AM"
"127","EGMFC001MM19","99.86","2500","sell","6/17/2007 11:32:12 AM"
"126","EGMFC001MM19","99.86","500","sell","6/17/2007 11:32:12 AM"
"125","EGMFC001MM19","99.88","5000","sell","6/17/2007 11:32:12 AM"
"124","EGMFC001MM19","99.88","500","buy","6/17/2007 11:32:12 AM"
"123","EGMFC001MM19","99.90","4000","sell","6/17/2007 11:32:12 AM"
"122","EGMFC001MM19","99.84","500","sell","6/17/2007 11:32:12 AM"
"121","EGMFC001MM19","99.88","1500","sell","6/17/2007 11:32:12 AM"
"120","EGMFC001MM19","99.90","5000","sell","6/17/2007 11:32:12 AM"
"119","EGMFC001MM19","99.90","4000","sell","6/17/2007 11:32:11 AM"
"118","EGMFC001MM19","99.86","5000","buy","6/17/2007 11:32:11 AM"
"117","EGMFC001MM19","99.88","35000","buy","6/17/2007 11:32:11 AM"
"116","EGMFC001MM19","99.92","3000","sell","6/17/2007 11:32:11 AM"
"115","EGMFC001MM19","99.88","1000","sell","6/17/2007 11:32:11 AM"
"114","EGMFC001MM19","99.92","1000","sell","6/17/2007 11:32:11 AM"
"113","EGMFC001MM19","99.92","1500","sell","6/17/2007 11:32:11 AM"
"112","EGMFC001MM19","99.85","500","sell","6/17/2007 11:32:11 AM"
"111","EGMFC001MM19","100.01","4500","buy","6/17/2007 11:32:11 AM"
"110","EGMFC001MM19","99.93","500","sell","6/17/2007 11:32:11 AM"
"109","EGMFC001MM19","99.87","3000","buy","6/17/2007 11:32:10 AM"
"108","EGMFC001MM19","99.96","2500","sell","6/17/2007 11:32:10 AM"
"107","EGMFC001MM19","99.98","1000","buy","6/17/2007 11:32:10 AM"
"106","EGMFC001MM19","100.00","500","sell","6/17/2007 11:32:10 AM"
"105","EGMFC001MM19","99.92","4000","buy","6/17/2007 11:32:10 AM"
"104","EGMFC001MM19","99.93","4500","sell","6/17/2007 11:32:10 AM"
"103","EGMFC001MM19","100.00","3000","buy","6/17/2007 11:32:10 AM"
"102","EGMFC001MM19","99.90","35000","sell","6/17/2007 11:32:10 AM"
"101","EGMFC001MM19","100.00","4000","buy","6/17/2007 11:32:10 AM"
"100","EGMFC001MM19","99.88","4000","sell","6/17/2007 11:32:10 AM"
"99","EGMFC001MM19","99.96","5000","sell","6/17/2007 11:32:09 AM"
"98","EGMFC001MM19","99.94","500","sell","6/17/2007 11:32:09 AM"
"97","EGMFC001MM19","99.94","1000","buy","6/17/2007 11:32:09 AM"
"96","EGMFC001MM19","99.96","5000","buy","6/17/2007 11:32:09 AM"
"95","EGMFC001MM19","99.92","2500","sell","6/17/2007 11:32:09 AM"
"94","EGMFC001MM19","99.92","3500","buy","6/17/2007 11:32:09 AM"
"93","EGMFC001MM19","99.88","4500","sell","6/17/2007 11:32:09 AM"
"92","EGMFC001MM19","99.94","3000","sell","6/17/2007 11:32:09 AM"
"91","EGMFC001MM19","99.95","4500","sell","6/17/2007 11:32:09 AM"
"90","EGMFC001MM19","99.94","3500","buy","6/17/2007 11:32:09 AM"
"89","EGMFC001MM19","99.92","500","sell","6/17/2007 11:32:08 AM"
"88","EGMFC001MM19","99.94","350","sell","6/17/2007 11:32:08 AM"
"87","EGMFC001MM19","99.94","500","buy","6/17/2007 11:32:08 AM"
"86","EGMFC001MM19","99.98","5000","sell","6/17/2007 11:32:08 AM"
"85","EGMFC001MM19","99.94","3500","sell","6/17/2007 11:32:08 AM"
"84","EGMFC001MM19","99.88","3500","buy","6/17/2007 11:32:08 AM"
"83","EGMFC001MM19","99.92","2500","buy","6/17/2007 11:32:08 AM"
"82","EGMFC001MM19","100.04","1500","buy","6/17/2007 11:32:08 AM"
"81","EGMFC001MM19","100.02","4000","buy","6/17/2007 11:32:08 AM"
"80","EGMFC001MM19","99.90","4000","buy","6/17/2007 11:32:07 AM"
"79","EGMFC001MM19","99.96","45000","buy","6/17/2007 11:32:07 AM"
"78","EGMFC001MM19","99.84","5000","sell","6/17/2007 11:32:07 AM"
"77","EGMFC001MM19","99.93","40000","buy","6/17/2007 11:32:07 AM"
"76","EGMFC001MM19","99.94","1000","buy","6/17/2007 11:32:07 AM"
"75","EGMFC001MM19","99.92","1500","sell","6/17/2007 11:32:07 AM"
"74","EGMFC001MM19","99.95","3500","sell","6/17/2007 11:32:07 AM"
"73","EGMFC001MM19","99.94","2000","buy","6/17/2007 11:32:07 AM"
"72","EGMFC001MM19","99.92","2000","sell","6/17/2007 11:32:07 AM"
"71","EGMFC001MM19","99.96","3000","sell","6/17/2007 11:32:07 AM"
"70","EGMFC001MM19","99.88","4000","buy","6/17/2007 11:32:06 AM"
"69","EGMFC001MM19","99.96","2500","sell","6/17/2007 11:32:06 AM"
"68","EGMFC001MM19","99.95","3500","sell","6/17/2007 11:32:06 AM"
"67","EGMFC001MM19","99.90","2000","sell","6/17/2007 11:32:06 AM"
"66","EGMFC001MM19","99.96","4500","buy","6/17/2007 11:32:06 AM"
"65","EGMFC001MM19","99.88","500","sell","6/17/2007 11:32:06 AM"
"64","EGMFC001MM19","99.94","4000","sell","6/17/2007 11:32:06 AM"
"63","EGMFC001MM19","100.02","4000","buy","6/17/2007 11:32:06 AM"
"62","EGMFC001MM19","99.97","10000","buy","6/17/2007 11:32:06 AM"
"61","EGMFC001MM19","99.94","350","sell","6/17/2007 11:32:05 AM"
"60","EGMFC001MM19","100.00","2500","buy","6/17/2007 11:32:05 AM"
"59","EGMFC001MM19","100.04","5000","buy","6/17/2007 11:32:05 AM"
"58","EGMFC001MM19","99.98","300","sell","6/17/2007 11:32:05 AM"
"57","EGMFC001MM19","99.97","1500","sell","6/17/2007 11:32:05 AM"
"56","EGMFC001MM19","99.96","50000","sell","6/17/2007 11:32:05 AM"
"55","EGMFC001MM19","100.00","3000","buy","6/17/2007 11:32:05 AM"
"54","EGMFC001MM19","100.08","2000","buy","6/17/2007 11:32:05 AM"
"53","EGMFC001MM19","99.98","200","buy","6/17/2007 11:32:05 AM"
"52","EGMFC001MM19","100.00","3000","buy","6/17/2007 11:32:04 AM"
"51","EGMFC001MM19","99.98","2500","sell","6/17/2007 11:32:04 AM"
"50","EGMFC001MM19","100.02","4500","sell","6/17/2007 11:32:04 AM"
"49","EGMFC001MM19","100.01","3500","sell","6/17/2007 11:32:04 AM"
"48","EGMFC001MM19","99.98","1000","buy","6/17/2007 11:32:04 AM"
"47","EGMFC001MM19","100.06","1500","buy","6/17/2007 11:32:04 AM"
"46","EGMFC001MM19","100.02","500","buy","6/17/2007 11:32:04 AM"
"45","EGMFC001MM19","100.09","3000","buy","6/17/2007 11:32:04 AM"
"44","EGMFC001MM19","100.05","20000","sell","6/17/2007 11:32:03 AM"
"43","EGMFC001MM19","100.07","4500","sell","6/17/2007 11:32:03 AM"
"42","EGMFC001MM19","100.08","5000","sell","6/17/2007 11:32:03 AM"
"41","EGMFC001MM19","100.09","2500","sell","6/17/2007 11:32:03 AM"
"40","EGMFC001MM19","100.02","3000","buy","6/17/2007 11:32:03 AM"
"39","EGMFC001MM19","100.08","2000","buy","6/17/2007 11:32:03 AM"
"38","EGMFC001MM19","100.06","3500","buy","6/17/2007 11:32:03 AM"
"37","EGMFC001MM19","100.08","3000","buy","6/17/2007 11:32:02 AM"
"36","EGMFC001MM19","100.04","1000","buy","6/17/2007 11:32:02 AM"
"35","EGMFC001MM19","100.10","3000","sell","6/17/2007 11:32:02 AM"
"34","EGMFC001MM19","100.08","2000","buy","6/17/2007 11:32:02 AM"
"33","EGMFC001MM19","100.08","4500","sell","6/17/2007 11:32:02 AM"
"32","EGMFC001MM19","100.10","2500","buy","6/17/2007 11:32:02 AM"
"31","EGMFC001MM19","100.13","1000","buy","6/17/2007 11:32:01 AM"
"30","EGMFC001MM19","100.04","1500","sell","6/17/2007 11:32:01 AM"
"29","EGMFC001MM19","100.06","500","sell","6/17/2007 11:32:01 AM"
"28","EGMFC001MM19","100.10","2000","sell","6/17/2007 11:32:01 AM"
"27","EGMFC001MM19","100.08","15000","buy","6/17/2007 11:32:01 AM"
"26","EGMFC001MM19","100.09","2500","sell","6/17/2007 11:32:00 AM"
"25","EGMFC001MM19","100.02","500","sell","6/17/2007 11:32:00 AM"
"24","EGMFC001MM19","100.00","4000","buy","6/17/2007 11:32:00 AM"
"23","EGMFC001MM19","100.02","300","buy","6/17/2007 11:32:00 AM"
"22","EGMFC001MM19","100.10","2000","buy","6/17/2007 11:31:59 AM"
"21","EGMFC001MM19","100.10","3500","buy","6/17/2007 11:31:59 AM"
"20","EGMFC001MM19","100.10","4000","buy","6/17/2007 11:31:59 AM"
"19","EGMFC001MM19","100.00","1000","sell","6/17/2007 11:31:58 AM"
"18","EGMFC001MM19","100.04","1500","buy","6/17/2007 11:31:58 AM"
"17","EGMFC001MM19","99.92","450","buy","6/17/2007 11:31:57 AM"

